columna,n,media,std,ks_stat,pvalor
mcg,336,0.5000595233203577,0.19463397513123273,0.10792921084446205,0.0007302225588229228
gvh,336,0.4999999984921444,0.1481568333778903,0.1129743799777071,0.0003428887369279696
lip,336,0.495476180066665,0.08849528055184007,0.5396517367309958,4.181782408519302e-92
chg,336,0.5014880952380952,0.027277236279499045,0.5187771043529603,1.3186896196373045e-84
aac,336,0.5000297590713239,0.12237573181268159,0.057318332588681686,0.21136033725705206
alm1,336,0.5001785699222681,0.2157513022219433,0.10736370627588437,0.0007930737992581254
alm2,336,0.4997321428742171,0.20941051517182394,0.1569125172274729,1.0827922915361184e-07
