columna,n,media,std,ks_stat,pvalor
time,20000,48.25765,12.281262473699412,0.18236000734748825,0.0
A2,20000,0.31735,75.96694207214009,0.4719245110746081,0.0
A3,20000,85.4309,8.963031963967293,0.15493651299825772,0.0
A4,20000,-0.11045,29.81040562977449,0.4050637982361365,0.0
A5,20000,34.7132,21.61982230722144,0.2056308141978413,0.0
A6,20000,2.5652,180.41447840503517,0.43348277344736075,0.0
A7,20000,37.15425,13.19453529782638,0.1348172204345811,1.712137e-317
A8,20000,50.8017,21.418525037236773,0.17019310403379606,0.0
A9,20000,13.7867,25.67842035978087,0.2954689358740936,0.0
